{
    "Ar36": {
        "error": 0.0003608597851005192, 
        "filter_outliers_dict": {
            "filter_outliers": true, 
            "iterations": 1, 
            "std_devs": 2
        }, 
        "fit": "Parabolic", 
        "value": 0.02819782785575057
    }, 
    "Ar37": {
        "error": 0.0054969839307502455, 
        "filter_outliers_dict": {
            "filter_outliers": true, 
            "iterations": 1, 
            "std_devs": 2
        }, 
        "fit": "linear", 
        "value": 0.20783279864005635
    }, 
    "Ar38": {
        "error": 0.0023192698431149512, 
        "filter_outliers_dict": {
            "filter_outliers": true, 
            "iterations": 1, 
            "std_devs": 2
        }, 
        "fit": "linear", 
        "value": 2.5211505144736304
    }, 
    "Ar39": {
        "error": 0.018846194953347915, 
        "filter_outliers_dict": {
            "filter_outliers": true, 
            "iterations": 1, 
            "std_devs": 2
        }, 
        "fit": "Parabolic", 
        "value": 192.6182280505267
    }, 
    "Ar40": {
        "error": 0.08209479805737652, 
        "filter_outliers_dict": {
            "filter_outliers": true, 
            "iterations": 1, 
            "std_devs": 2
        }, 
        "fit": "Parabolic", 
        "value": 2908.947240816092
    }, 
    "Ar41": {
        "error": 0.0033161808194795595, 
        "filter_outliers_dict": {
            "filter_outliers": true, 
            "iterations": 1, 
            "std_devs": 2
        }, 
        "fit": "linear", 
        "value": 0.0561953589665768
    }
}