{
    "Ar36": {
        "error": 0.0004795786788315296, 
        "filter_outliers_dict": {
            "filter_outliers": true, 
            "iterations": 1, 
            "std_devs": 2
        }, 
        "fit": "Parabolic", 
        "value": 0.05536894566186795
    }, 
    "Ar37": {
        "error": 0.004755930818412008, 
        "filter_outliers_dict": {
            "filter_outliers": true, 
            "iterations": 1, 
            "std_devs": 2
        }, 
        "fit": "linear", 
        "value": 0.26481584280772946
    }, 
    "Ar38": {
        "error": 0.002437608467269264, 
        "filter_outliers_dict": {
            "filter_outliers": true, 
            "iterations": 1, 
            "std_devs": 2
        }, 
        "fit": "linear", 
        "value": 0.8320430637698737
    }, 
    "Ar39": {
        "error": 0.013080092204015924, 
        "filter_outliers_dict": {
            "filter_outliers": true, 
            "iterations": 1, 
            "std_devs": 2
        }, 
        "fit": "Parabolic", 
        "value": 64.08440037610765
    }, 
    "Ar40": {
        "error": 0.027421094150609476, 
        "filter_outliers_dict": {
            "filter_outliers": true, 
            "iterations": 1, 
            "std_devs": 2
        }, 
        "fit": "Parabolic", 
        "value": 458.98883639516026
    }, 
    "Ar41": {
        "error": 0.0033550335729252653, 
        "filter_outliers_dict": {
            "filter_outliers": true, 
            "iterations": 1, 
            "std_devs": 2
        }, 
        "fit": "linear", 
        "value": -0.052125341971186116
    }
}