{
    "Ar36": {
        "error": 0.000589695788660427, 
        "filter_outliers_dict": {
            "filter_outliers": true, 
            "iterations": 1, 
            "std_devs": 2
        }, 
        "fit": "Parabolic", 
        "value": 0.07592681846285783
    }, 
    "Ar37": {
        "error": 0.005169088401261202, 
        "filter_outliers_dict": {
            "filter_outliers": true, 
            "iterations": 1, 
            "std_devs": 2
        }, 
        "fit": "linear", 
        "value": 0.15975674648070662
    }, 
    "Ar38": {
        "error": 0.0023467203584625527, 
        "filter_outliers_dict": {
            "filter_outliers": true, 
            "iterations": 1, 
            "std_devs": 2
        }, 
        "fit": "linear", 
        "value": 1.274136603570359
    }, 
    "Ar39": {
        "error": 0.015306164119057348, 
        "filter_outliers_dict": {
            "filter_outliers": true, 
            "iterations": 1, 
            "std_devs": 2
        }, 
        "fit": "Parabolic", 
        "value": 97.47148567022742
    }, 
    "Ar40": {
        "error": 0.032181147725521844, 
        "filter_outliers_dict": {
            "filter_outliers": true, 
            "iterations": 1, 
            "std_devs": 2
        }, 
        "fit": "Parabolic", 
        "value": 661.8020224561343
    }, 
    "Ar41": {
        "error": 0.003454204716014318, 
        "filter_outliers_dict": {
            "filter_outliers": true, 
            "iterations": 1, 
            "std_devs": 2
        }, 
        "fit": "linear", 
        "value": -0.044240194739327034
    }
}